-- Anastassiadis Group tenant demo dataset.
-- Run after supabase_0002_tenant_branding.sql.
-- Company profile fields below come from https://anastassiadis.com/en/.
-- Property, resident, financial, and operational records are fictional demo data.

insert into public.tenants (
  id, slug, name, support_email, support_phone, logo_url, website_url,
  address, postal_code, profession
) values (
  '10000000-0000-4000-8000-000000000011',
  'anastassiadis-group',
  'Anastassiadis Group',
  'info@anastassiadis.com',
  '+30 210 963 3920',
  'https://anastassiadis.com/wp-content/uploads/2023/11/ag_gold_new-1.png',
  'https://anastassiadis.com/en/',
  '114 El. Venizelou Avenue, Ilioupoli, Athens',
  '16345',
  'Real Estate & Building Management'
) on conflict (id) do update set
  name = excluded.name,
  support_email = excluded.support_email,
  support_phone = excluded.support_phone,
  logo_url = excluded.logo_url,
  website_url = excluded.website_url,
  address = excluded.address,
  postal_code = excluded.postal_code,
  profession = excluded.profession;

insert into public.user_profiles (
  id, tenant_id, email, full_name, role, phone, job_title, status,
  notification_email, notification_sms
) values (
  '20000000-0000-4000-8000-000000000011',
  '10000000-0000-4000-8000-000000000011',
  'demo@anastassiadis.com',
  'Demo Διαχειριστής Αναστασιάδης',
  'company_admin',
  '+30 210 963 3920',
  'Building Management Demo',
  'active', true, false
) on conflict (id) do nothing;

insert into public.user_profiles (
  id, tenant_id, email, full_name, role, phone, job_title, status,
  notification_email, notification_sms
) values
  ('20000000-0000-4000-8000-000000000012', '10000000-0000-4000-8000-000000000011', 'staff@anastassiadis.demo', 'Ελένη Μάρκου', 'company_staff', '6900002001', 'Property Operations', 'active', true, true),
  ('20000000-0000-4000-8000-000000000013', '10000000-0000-4000-8000-000000000011', 'demo.owner1@example.gr', 'Νικόλαος Αντωνίου', 'owner', '6900001001', 'Ιδιοκτήτης A1', 'active', true, false),
  ('20000000-0000-4000-8000-000000000014', '10000000-0000-4000-8000-000000000011', 'resident@anastassiadis.demo', 'Αλέξανδρος Ρήγας', 'resident', '6900002002', 'Ένοικος A2', 'active', true, true)
on conflict (id) do update set
  email = excluded.email,
  full_name = excluded.full_name,
  role = excluded.role,
  phone = excluded.phone,
  job_title = excluded.job_title,
  status = excluded.status;

insert into public.properties (
  id, tenant_id, code, name, address, period, status, dues, image_url, occupancy, reserve_fund, cash_available
) values
  ('30000000-0000-4000-8000-000000000011', '10000000-0000-4000-8000-000000000011', 'ANA-IL-01', 'Ilioupoli Gardens', 'Λεωφ. Ειρήνης 38, Ηλιούπολη', 'Ιούλιος 2026', 'Published', 684.70, 'https://images.unsplash.com/photo-1545324418-cc1a3fa10c00?auto=format&fit=crop&w=1200&q=80', 100, 3600, 4285.40),
  ('30000000-0000-4000-8000-000000000012', '10000000-0000-4000-8000-000000000011', 'ANA-GL-02', 'Glyfada Blue Residences', 'Λαζαράκη 22, Γλυφάδα', 'Ιούλιος 2026', 'Published', 315.20, 'https://images.unsplash.com/photo-1600607687939-ce8a6c25118c?auto=format&fit=crop&w=1200&q=80', 100, 5000, 6180.25),
  ('30000000-0000-4000-8000-000000000013', '10000000-0000-4000-8000-000000000011', 'ANA-AT-03', 'Athens Central Lofts', 'Μιχαλακοπούλου 91, Αθήνα', 'Ιούλιος 2026', 'Draft', 428.40, 'https://images.unsplash.com/photo-1486406146926-c627a92ad1ab?auto=format&fit=crop&w=1200&q=80', 75, 2400, 2195.80)
on conflict (id) do nothing;

insert into public.units (
  id, tenant_id, property_id, code, floor, type, size, share, coefficient,
  owner_name, owner_phone, owner_email, resident_name, resident_type, occupants, status,
  balance, prev_balance, deposit
) values
  ('40000000-0000-4000-8000-000000000011', '10000000-0000-4000-8000-000000000011', '30000000-0000-4000-8000-000000000011', 'A1', '1ος', 'Διαμέρισμα', 82, 165, 1, 'Νικόλαος Αντωνίου', '6900001001', 'demo.owner1@example.gr', 'Νικόλαος Αντωνίου', 'Ιδιοκατοίκηση', 3, 'Ενεργό', 143.96, 38.50, 250),
  ('40000000-0000-4000-8000-000000000012', '10000000-0000-4000-8000-000000000011', '30000000-0000-4000-8000-000000000011', 'A2', '1ος', 'Διαμέρισμα', 78, 155, 1, 'Μαρία Θεοδώρου', '6900001002', 'demo.owner2@example.gr', 'Αλέξανδρος Ρήγας', 'Ενοικιαστής', 2, 'Ενεργό', 85.22, 0, 240),
  ('40000000-0000-4000-8000-000000000013', '10000000-0000-4000-8000-000000000011', '30000000-0000-4000-8000-000000000011', 'B1', '2ος', 'Διαμέρισμα', 86, 170, 1.05, 'Ελένη Παύλου', '6900001003', 'demo.owner3@example.gr', 'Ελένη Παύλου', 'Ιδιοκατοίκηση', 4, 'Ενεργό', 216.13, 92.10, 260),
  ('40000000-0000-4000-8000-000000000014', '10000000-0000-4000-8000-000000000011', '30000000-0000-4000-8000-000000000011', 'B2', '2ος', 'Διαμέρισμα', 80, 160, 1.05, 'Σπυρίδων Μάρκου', null, null, 'Ιωάννα Κοσμά', 'Ενοικιαστής', 1, 'Ενεργό', 69.94, 0, 250),
  ('40000000-0000-4000-8000-000000000015', '10000000-0000-4000-8000-000000000011', '30000000-0000-4000-8000-000000000011', 'C1', '3ος', 'Διαμέρισμα', 92, 180, 1.10, 'Δημήτριος Λάμπρου', null, null, 'Δημήτριος Λάμπρου', 'Ιδιοκατοίκηση', 1, 'Ενεργό', 186.57, 110, 280),
  ('40000000-0000-4000-8000-000000000016', '10000000-0000-4000-8000-000000000011', '30000000-0000-4000-8000-000000000011', 'C2', '3ος', 'Διαμέρισμα', 88, 170, 1.10, 'Αναστασία Νικολάου', null, null, 'Αναστασία Νικολάου', 'Ιδιοκατοίκηση', 2, 'Ενεργό', 0, 0, 270),
  ('40000000-0000-4000-8000-000000000017', '10000000-0000-4000-8000-000000000011', '30000000-0000-4000-8000-000000000012', 'G1', '1ος', 'Διαμέρισμα', 105, 250, 1, 'Πέτρος Κωνσταντίνου', null, null, 'Πέτρος Κωνσταντίνου', 'Ιδιοκατοίκηση', 2, 'Ενεργό', 99.64, 0, 350),
  ('40000000-0000-4000-8000-000000000018', '10000000-0000-4000-8000-000000000011', '30000000-0000-4000-8000-000000000012', 'G2', '2ος', 'Διαμέρισμα', 112, 260, 1.10, 'Αγγελική Στεργίου', null, null, 'David Miller', 'Ενοικιαστής', 3, 'Ενεργό', 294.26, 72.50, 400),
  ('40000000-0000-4000-8000-000000000019', '10000000-0000-4000-8000-000000000011', '30000000-0000-4000-8000-000000000013', 'L1', '4ος', 'Loft', 64, 240, 1, 'Koner Investments', null, null, 'Sophia Wang', 'Ενοικιαστής', 2, 'Ενεργό', 86, 86, 500),
  ('40000000-0000-4000-8000-000000000020', '10000000-0000-4000-8000-000000000011', '30000000-0000-4000-8000-000000000013', 'L2', '5ος', 'Loft', 68, 260, 1.05, 'Koner Investments', null, null, '', 'Κενό', 0, 'Κενό', 130, 130, 0)
on conflict (id) do nothing;

insert into public.user_property_access (user_profile_id, property_id) values
  ('20000000-0000-4000-8000-000000000012', '30000000-0000-4000-8000-000000000011'),
  ('20000000-0000-4000-8000-000000000012', '30000000-0000-4000-8000-000000000012')
on conflict do nothing;

insert into public.user_unit_access (user_profile_id, unit_id) values
  ('20000000-0000-4000-8000-000000000013', '40000000-0000-4000-8000-000000000011'),
  ('20000000-0000-4000-8000-000000000014', '40000000-0000-4000-8000-000000000012')
on conflict do nothing;

update public.units set occupants = allocation.occupants
from (values
  ('40000000-0000-4000-8000-000000000011'::uuid, 3),
  ('40000000-0000-4000-8000-000000000012'::uuid, 2),
  ('40000000-0000-4000-8000-000000000013'::uuid, 4),
  ('40000000-0000-4000-8000-000000000014'::uuid, 1),
  ('40000000-0000-4000-8000-000000000015'::uuid, 1),
  ('40000000-0000-4000-8000-000000000016'::uuid, 2),
  ('40000000-0000-4000-8000-000000000017'::uuid, 2),
  ('40000000-0000-4000-8000-000000000018'::uuid, 3),
  ('40000000-0000-4000-8000-000000000019'::uuid, 2),
  ('40000000-0000-4000-8000-000000000020'::uuid, 0)
) as allocation(id, occupants)
where public.units.id = allocation.id;

insert into public.expenses (id, tenant_id, property_id, expense_date, supplier, category, amount, file_name, status) values
  ('50000000-0000-4000-8000-000000000011', '10000000-0000-4000-8000-000000000011', '30000000-0000-4000-8000-000000000011', '2026-07-03', 'ΔΕΗ', 'Ηλεκτρικό', 186.40, 'demo-dei-ilioupoli.pdf', 'Verified'),
  ('50000000-0000-4000-8000-000000000012', '10000000-0000-4000-8000-000000000011', '30000000-0000-4000-8000-000000000011', '2026-07-05', 'Attica Lift Service', 'Ασανσέρ', 145, 'demo-lift-july.pdf', 'Verified'),
  ('50000000-0000-4000-8000-000000000013', '10000000-0000-4000-8000-000000000011', '30000000-0000-4000-8000-000000000011', '2026-07-08', 'Clean Building OE', 'Καθαριότητα', 220, null, 'Verified'),
  ('50000000-0000-4000-8000-000000000014', '10000000-0000-4000-8000-000000000011', '30000000-0000-4000-8000-000000000011', '2026-07-10', 'ΕΥΔΑΠ', 'Ύδρευση', 96.30, null, 'Draft'),
  ('50000000-0000-4000-8000-000000000015', '10000000-0000-4000-8000-000000000011', '30000000-0000-4000-8000-000000000012', '2026-07-06', 'Glyfada Gardens', 'Κήπος', 180, null, 'Verified'),
  ('50000000-0000-4000-8000-000000000016', '10000000-0000-4000-8000-000000000011', '30000000-0000-4000-8000-000000000012', '2026-07-09', 'Pool Care Hellas', 'Πισίνα', 260, null, 'Verified'),
  ('50000000-0000-4000-8000-000000000017', '10000000-0000-4000-8000-000000000011', '30000000-0000-4000-8000-000000000013', '2026-07-07', 'Athens Security', 'Ασφάλεια', 210, null, 'Verified')
on conflict (id) do nothing;

insert into public.distribution_rules (tenant_id, property_id, category, method, sample_amount, description) values
  ('10000000-0000-4000-8000-000000000011', '30000000-0000-4000-8000-000000000011', 'Ηλεκτρικό', 'Χιλιοστά', 186.40, 'Κατανομή βάσει γενικών χιλιοστών.'),
  ('10000000-0000-4000-8000-000000000011', '30000000-0000-4000-8000-000000000011', 'Ασανσέρ', 'Χιλιοστά', 145, 'Κατανομή βάσει χιλιοστών ανελκυστήρα.'),
  ('10000000-0000-4000-8000-000000000011', '30000000-0000-4000-8000-000000000011', 'Καθαριότητα', 'Βάσει Ατόμων', 220, 'Κατανομή βάσει του αριθμού ατόμων ανά ενεργό διαμέρισμα.'),
  ('10000000-0000-4000-8000-000000000011', '30000000-0000-4000-8000-000000000011', 'Ύδρευση', 'Χιλιοστά', 96.30, 'Κατανομή βάσει γενικών χιλιοστών.'),
  ('10000000-0000-4000-8000-000000000011', '30000000-0000-4000-8000-000000000012', 'Κήπος', 'Ισομερής Κατανομή', 180, 'Ισόποση συμμετοχή κατοικιών.'),
  ('10000000-0000-4000-8000-000000000011', '30000000-0000-4000-8000-000000000012', 'Πισίνα', 'Χιλιοστά', 260, 'Κατανομή βάσει χιλιοστών ιδιοκτησίας.'),
  ('10000000-0000-4000-8000-000000000011', '30000000-0000-4000-8000-000000000013', 'Ασφάλεια', 'Ισομερής Κατανομή', 210, 'Ισόποση συμμετοχή ενεργών loft.')
on conflict (property_id, category) do nothing;

insert into public.statements (id, tenant_id, property_id, unit_id, period, previous_balance, current_charges, total_due, status, published_at) values
  ('60000000-0000-4000-8000-000000000011', '10000000-0000-4000-8000-000000000011', '30000000-0000-4000-8000-000000000011', '40000000-0000-4000-8000-000000000011', 'Ιούλιος 2026', 38.50, 105.46, 143.96, 'published', '2026-07-12T09:00:00Z'),
  ('60000000-0000-4000-8000-000000000012', '10000000-0000-4000-8000-000000000011', '30000000-0000-4000-8000-000000000011', '40000000-0000-4000-8000-000000000012', 'Ιούλιος 2026', 0, 85.22, 85.22, 'published', '2026-07-12T09:00:00Z'),
  ('60000000-0000-4000-8000-000000000013', '10000000-0000-4000-8000-000000000011', '30000000-0000-4000-8000-000000000011', '40000000-0000-4000-8000-000000000013', 'Ιούλιος 2026', 92.10, 124.03, 216.13, 'published', '2026-07-12T09:00:00Z'),
  ('60000000-0000-4000-8000-000000000014', '10000000-0000-4000-8000-000000000011', '30000000-0000-4000-8000-000000000011', '40000000-0000-4000-8000-000000000014', 'Ιούλιος 2026', 0, 69.94, 69.94, 'published', '2026-07-12T09:00:00Z'),
  ('60000000-0000-4000-8000-000000000015', '10000000-0000-4000-8000-000000000011', '30000000-0000-4000-8000-000000000011', '40000000-0000-4000-8000-000000000015', 'Ιούλιος 2026', 110, 76.57, 186.57, 'published', '2026-07-12T09:00:00Z'),
  ('60000000-0000-4000-8000-000000000016', '10000000-0000-4000-8000-000000000011', '30000000-0000-4000-8000-000000000011', '40000000-0000-4000-8000-000000000016', 'Ιούλιος 2026', 0, 90.18, 90.18, 'published', '2026-07-12T09:00:00Z')
on conflict (id) do nothing;

insert into public.issues (id, tenant_id, property_id, unit_id, title, severity, status, reported_at, estimate, technician, progress) values
  ('70000000-0000-4000-8000-000000000011', '10000000-0000-4000-8000-000000000011', '30000000-0000-4000-8000-000000000011', '40000000-0000-4000-8000-000000000014', 'Έλεγχος πίεσης κεντρικής θέρμανσης', 'Medium', 'In Progress', '18/07/2026', 160, 'ThermoControl', 45),
  ('70000000-0000-4000-8000-000000000012', '10000000-0000-4000-8000-000000000011', '30000000-0000-4000-8000-000000000012', null, 'Αντικατάσταση φωτισμού εισόδου', 'Low', 'New', '19/07/2026', 95, null, null)
on conflict (id) do nothing;

insert into public.bank_transactions (id, tenant_id, property_id, transaction_date, amount, bank, reference, description, suggested_unit_id, suggested_owner) values
  ('80000000-0000-4000-8000-000000000011', '10000000-0000-4000-8000-000000000011', '30000000-0000-4000-8000-000000000011', '2026-07-17', 142.30, 'ALPHA BANK', 'ANA0717A1', 'ΚΟΙΝΟΧΡΗΣΤΑ ΙΟΥΛΙΟΥ A1', '40000000-0000-4000-8000-000000000011', 'Νικόλαος Αντωνίου'),
  ('80000000-0000-4000-8000-000000000012', '10000000-0000-4000-8000-000000000011', '30000000-0000-4000-8000-000000000012', '2026-07-18', 196.60, 'EUROBANK', 'ANA0718G2', 'COMMON EXPENSES G2', '40000000-0000-4000-8000-000000000018', 'Αγγελική Στεργίου')
on conflict (id) do nothing;

insert into public.payment_ledger (id, tenant_id, property_id, unit_id, period, paid_at, payer, payment_code, amount, method, match_type, status) values
  ('90000000-0000-4000-8000-000000000012', '10000000-0000-4000-8000-000000000011', '30000000-0000-4000-8000-000000000011', '40000000-0000-4000-8000-000000000016', 'Ιούλιος 2026', '2026-07-16', 'Αναστασία Νικολάου', 'ANA-IL-C2-0726', 90.18, 'Τράπεζα', 'ΑΥΤΟΜΑΤΗ', 'Ολοκληρώθηκε'),
  ('90000000-0000-4000-8000-000000000013', '10000000-0000-4000-8000-000000000011', '30000000-0000-4000-8000-000000000012', '40000000-0000-4000-8000-000000000017', 'Ιούλιος 2026', '2026-07-14', 'Πέτρος Κωνσταντίνου', 'ANA-GL-G1-0726', 118.60, 'Τράπεζα', 'ΧΕΙΡΟΚΙΝΗΤΗ', 'Ολοκληρώθηκε')
on conflict (id) do nothing;

insert into public.documents (id, tenant_id, property_id, name, document_date, type, visibility, size, storage_path) values
  ('a0000000-0000-4000-8000-000000000011', '10000000-0000-4000-8000-000000000011', '30000000-0000-4000-8000-000000000011', 'Κανονισμός πολυκατοικίας', '2026-01-10', 'Τεχνικό', 'Όλοι', '1.8 MB', null),
  ('a0000000-0000-4000-8000-000000000012', '10000000-0000-4000-8000-000000000011', '30000000-0000-4000-8000-000000000011', 'Σύμβαση συντήρησης ανελκυστήρα', '2026-06-01', 'Σύμβαση', 'Ιδιοκτήτες', '840 KB', null),
  ('a0000000-0000-4000-8000-000000000013', '10000000-0000-4000-8000-000000000011', '30000000-0000-4000-8000-000000000012', 'Πρακτικά γενικής συνέλευσης', '2026-05-22', 'Πρακτικά', 'Όλοι', '1.1 MB', null)
on conflict (id) do nothing;
